"student","semester","curriculum"
1,"CURR1","Painting"
2,"CURR1","Painting"
6,"CURR1","Sculpure"
8,"CURR1","Painting"
9,"CURR1","Sculpure"
10,"CURR1","Painting"
11,"CURR1","Digital Art"
12,"CURR1","Sculpure"
14,"CURR1","Ceramic"
15,"CURR1","Photography"
1,"CURR3","Painting"
2,"CURR3","Painting"
6,"CURR3","Sculpure"
8,"CURR3","Painting"
9,"CURR3","Art History"
10,"CURR3","Painting"
11,"CURR3","Digital Art"
12,"CURR3","Sculpure"
14,"CURR3","Ceramic"
15,"CURR3","Photography"
1,"CURR5","Painting"
2,"CURR5","Painting"
6,"CURR5","Painting"
8,"CURR5","Painting"
9,"CURR5","Art History"
10,"CURR5","Painting"
11,"CURR5","Digital Art"
12,"CURR5","Sculpure"
14,"CURR5","Painting"
15,"CURR5","Photography"
1,"CURR7","Painting"
2,"CURR7","Painting"
6,"CURR7","Painting"
8,"CURR7","Painting"
9,"CURR7","Painting"
10,"CURR7","Painting"
11,"CURR7","Digital Art"
12,"CURR7","Sculpure"
14,"CURR7","Painting"
15,"CURR7","Painting"
1,"CURR9","Painting"
2,"CURR9","Painting"
6,"CURR9","Painting"
8,"CURR9",NA
9,"CURR9","Painting"
10,"CURR9","Painting"
11,"CURR9","Digital Art"
12,"CURR9","Painting"
14,"CURR9","Painting"
15,"CURR9","Painting"
1,"CURR11","Painting"
2,"CURR11","Painting"
6,"CURR11","Painting"
8,"CURR11","Painting"
9,"CURR11","Painting"
10,"CURR11","Painting"
11,"CURR11","Painting"
12,"CURR11","Painting"
14,"CURR11","Painting"
15,"CURR11","Painting"
1,"CURR13","Painting"
2,"CURR13",NA
6,"CURR13","Painting"
8,"CURR13","Painting"
9,"CURR13","Painting"
10,"CURR13",NA
11,"CURR13","Painting"
12,"CURR13","Painting"
14,"CURR13","Painting"
15,"CURR13","Painting"
1,"CURR15","Painting"
2,"CURR15",NA
6,"CURR15","Painting"
8,"CURR15","Painting"
9,"CURR15","Painting"
10,"CURR15",NA
11,"CURR15","Painting"
12,"CURR15","Painting"
14,"CURR15","Painting"
15,"CURR15",NA
